Language,Time
Python,0.0014933138030010014
C,0.0005265239370000927
Rust,0.00037503258299875596
Nim,0.0003655378589992324
Go,0.0005248213790000591
