Language,Time
Python,0.001415348995000386
C,0.0005194583450002029
Rust,0.0003594197820002591
