Language,Time
Python,0.0014407121610001924
C,0.0005268930920001366
Rust,0.0003717906570000196
Nim,0.00036235352900075666
