Language,Time
Python,0.0014062404169999355
C,0.0005115110749993618
Rust,0.00036007720899942794
Nim,0.0003532772869994005
